Name,Email,Gender,Status
Rajendra Kapoor,rajendra_kapoor@jakubowski.net,female,active
Chandraprabha Dhawan,dhawan_chandraprabha@fahey-bins.info,female,inactive
Bhilangana Butt JD,butt_jd_bhilangana@toy.info,female,active
Gopal Sharma,gopal_sharma@mohr-boehm.io,male,inactive
Harinakshi Khatri,harinakshi_khatri@will-rice.co,male,active
Kanaka Iyengar V,kanaka_v_iyengar@bernier.io,male,active
Leela Bhattathiri JD,bhattathiri_jd_leela@corkery.info,female,active
Sen. Jagathi Devar,devar_jagathi_sen@lebsack.org,female,inactive
Rajinder Sethi,rajinder_sethi@mann.io,female,inactive
Fr. Ujjawal Gupta,gupta_ujjawal_fr@balistreri.biz,male,inactive
Uma Ahuja II,uma_ii_ahuja@mills-lubowitz.net,male,inactive
Chandraketu Shukla,chandraketu_shukla@daniel.org,female,active
Shakuntala Abbott,abbott_shakuntala@gusikowski-runolfsdottir.info,female,inactive
Chakravarti Sethi,chakravarti_sethi@bednar.org,female,inactive
Ahilya Bhat LLD,lld_ahilya_bhat@ruecker.net,male,active
Harit Kaul,kaul_harit@toy-witting.name,male,active
Bhilangana Abbott,bhilangana_abbott@will.name,male,active
Bhargavi Asan DO,asan_do_bhargavi@pagac.org,female,active
Dhananjay Sinha,dhananjay_sinha@kub-klocko.biz,female,inactive
Agrata Adiga,adiga_agrata@kerluke-streich.biz,male,active
